Date of birth,Email,First Name,Index,Job Title,Last Name,Phone,Sex,User Id
1945-10-26,elijah57@example.net,shelby,1.0,games developer,terrell,001-084-906-7849x73518,male,88f7b33d2bcf9f5
1910-03-24,bethany14@example.com,phillip,2.0,phytotherapist,summers,214.112.6044x4913,female,f90cd3e76f1a9b9
1992-07-02,bthompson@example.com,kristine,3.0,homeopath,travis,277.609.7938,male,dbeab8ccdfefc2c
2017-08-03,kaitlinkaiser@example.com,yesenia,4.0,market researcher,martinez,584.094.6111,male,a31bee3c201ef58
1938-12-01,buchananmanuel@example.net,lori,5.0,veterinary surgeon,todd,689-207-3558x7233,male,1ba7a3dc874da3c
2015-10-28,tconner@example.org,erin,6.0,waste management officer,day,001-171-649-9856x5553,male,bfdd7cdef5d865b
1989-01-22,conniecowan@example.com,katherine,7.0,intelligence analyst,buck,+1-773-151-6685x49162,female,be9eef34cb72af7
1924-03-26,wyattbishop@example.com,ricardo,8.0,hydrogeologist,hinton,001-447-699-7998x88612,male,2efc6a4e77faeac
2018-10-06,nmccann@example.net,dave,9.0,lawyer,farrell,603-428-2429x27392,male,badcc4deefd8deb
1964-09-20,virginiaterrell@example.org,isaiah,10.0,"engineer, site",downs,+1-511-372-1544x8206,male,8e4fb470fe19bf0
2008-03-20,huangcathy@example.com,sheila,11.0,advertising account executive,ross,895.881.4746,female,bf0bba03c29bb3b
1980-10-20,rayleroy@example.org,stacy,12.0,warden/ranger,newton,710.673.3213x80335,male,f738c69fb34e62e
2007-12-08,jefferynoble@example.org,mandy,13.0,"scientist, clinical (histocompatibility and immunogenetics)",blake,(992)466-1305x4947,male,c03fdaddaadadce
2004-06-28,mercedes44@example.com,bridget,14.0,social worker,nash,(216)627-8359,female,b759b74bd1de80d
1992-03-09,pmiranda@example.org,crystal,15.0,agricultural consultant,farmer,+1-024-377-5391,male,1f0b7d65a00daf9
2006-02-18,braunpriscilla@example.net,thomas,16.0,sport and exercise psychologist,knight,+1-360-880-0766,female,50bb061cb30b461
2004-08-20,sheenabanks@example.com,maurice,17.0,secretary/administrator,rangel,(246)187-4969,male,d6dba5308fec4bc
2008-09-16,gbrewer@example.org,frank,18.0,audiological scientist,meadows,429.965.3902x4447,male,311d775990f066d
1949-05-12,gilbertdonaldson@example.com,alvin,19.0,"teacher, adult education",paul,219.436.0887x07551,male,7f7e1bacb0c9aff
1921-01-18,jcortez@example.com,jared,20.0,paediatric nurse,mitchell,+1-958-849-6781,female,88473e15d5c3cd0
1952-10-09,carias@example.net,jacqueline,21.0,"scientist, marine",norton,819.309.7679x59173,female,b31d271f8c200ab
1949-10-14,fknox@example.org,colleen,22.0,commercial horticulturist,hatfield,638.584.1090,female,42f4bda841abadc
1947-12-30,huangbill@example.org,randy,23.0,outdoor activities/education manager,barnes,001-960-629-7164x67214,male,cbbbca0fca3c4bc
1999-11-01,juarezdominique@example.net,janice,24.0,drilling engineer,rhodes,001-249-314-9742x6996,female,f1f89173353ad90
1993-05-28,cassandramorris@example.com,alfred,25.0,systems analyst,mcneil,(468)276-9509x53058,female,c5b09fb33e8ba0a
2010-10-09,sallymiller@example.net,sean,26.0,"conservation officer, nature",levine,4915828504,male,c9f2282c40bec1e
1916-01-29,bsullivan@example.net,louis,27.0,counsellor,payne,6232695307,male,9c1bc7ec53fb7ce
1932-10-31,ayalajose@example.net,brittney,28.0,recycling officer,vega,945-739-8686,female,ddec50e2a2e3a2b
1963-07-28,irosales@example.net,judy,29.0,art gallery manager,buckley,001-654-208-1241x52830,male,66f096d36ebae11
1957-05-21,mconrad@example.com,norman,30.0,gaffer,weber,223.002.0429,male,f0fe2faad78f8b5
1966-04-07,jimblake@example.org,isaiah,31.0,food technologist,camacho,001-536-544-3367,female,5d2feafbdcaa6b5
1999-02-25,nsampson@example.net,jacqueline,32.0,building services engineer,gallagher,(247)762-8934,male,cda5f303fcd6dea
1953-12-21,caitlin24@example.net,bonnie,33.0,seismic interpreter,andrews,+1-253-987-2776x9161,female,8ef7dbfcab02b6b
1931-05-12,mconley@example.net,brandon,34.0,"engineer, biomedical",schmidt,+1-386-673-1465x006,female,6dec5b5542f8ed8
1980-11-18,reynoldsdarryl@example.net,jackson,35.0,set designer,sparks,(137)908-3129x65035,female,3fb8a7f68e12784
1963-06-25,jeannovak@example.org,melody,36.0,research scientist (life sciences),cook,(826)792-7381,male,035eff50b9a0f24
1938-03-13,clinton78@example.org,leonard,37.0,"accountant, chartered management",hurst,941-038-0427x38800,male,aa614aae4b7cf0c
1946-08-22,luisdeleon@example.org,gene,38.0,"surveyor, quantity",rich,+1-356-818-6604x89537,female,accde95aae3e6cc
1984-01-27,rosariodave@example.org,cynthia,39.0,outdoor activities/education manager,wiggins,(110)858-2437x70190,female,b6a35de5cb6fc25
2003-03-12,vickihouston@example.com,tanya,40.0,information systems manager,mckinney,(830)774-9002x086,female,e92a191e345fa3a
2017-08-23,evelyn31@example.org,matthew,41.0,"scientist, clinical (histocompatibility and immunogenetics)",stone,952-381-6360,female,7d0acbf6ccac3fd
2009-04-08,stephenfuller@example.org,kirk,42.0,accounting technician,walsh,001-826-496-5529x8661,female,cefa7bbcef013ae
1978-02-02,haleymathews@example.net,willie,43.0,management consultant,vang,741.168.6854x067,female,9edbc94ae7ca22a
1930-08-26,tyrone56@example.org,miguel,44.0,make,hill,5247842945,female,ffe7baa737adbe2
1997-10-04,lhernandez@example.com,darren,45.0,retail banker,andrews,(975)799-4261,male,5f2f3faca8b0946
1980-09-16,molly03@example.org,haley,46.0,commissioning editor,pugh,(746)182-6137x2453,female,6bfcfc3cc1bc6b4
1930-07-09,jvang@example.org,danielle,47.0,"accountant, chartered management",estrada,(890)374-9518x772,female,f3bd2cbf7eeb6df
1957-06-27,erikmueller@example.org,becky,48.0,seismic interpreter,brady,(390)002-0863,male,ee4eb129dc7913a
1968-01-26,rivasdominique@example.org,caitlyn,49.0,jewellery designer,frey,805-021-3965x46344,male,dbcef340c3657eb
1954-07-28,daisymcgee@example.net,joshua,50.0,"education officer, museum",sweeney,875.994.2100x535,male,e47fb71dd9accd9
1931-09-25,staffordtravis@example.net,heidi,51.0,estate manager/land agent,escobar,601-155-3065x1131,female,ea3fdd79be9f0e7
1911-10-23,saralong@example.net,brian,52.0,physiotherapist,oconnell,952-283-1423x733,female,af0ee4547bc025c
1930-12-09,iphelps@example.net,beverly,53.0,passenger transport manager,esparza,+1-327-578-8754x6771,female,9f5ded7ad228f5a
1908-11-17,roberto29@example.com,nathaniel,54.0,call centre manager,rivas,(655)887-2040x37888,female,d3fa0220dde4d36
1927-08-20,yolanda07@example.org,debra,55.0,special educational needs teacher,payne,001-731-525-8400x52593,female,60fdbfd5e7be8ff
1980-10-21,abbottyvette@example.net,mackenzie,56.0,museum/gallery exhibitions officer,rocha,4225525458,female,d8bf5ab2b98caff
2003-12-07,ochang@example.org,courtney,57.0,pension scheme manager,watkins,210.683.2761x5883,female,cd8d33aa25bc8bb
1910-04-10,amyanderson@example.com,fred,58.0,archaeologist,olsen,497-774-3053,female,fac3bfff0a3d03c
1924-05-02,qnorman@example.org,ryan,59.0,historic buildings inspector/conservation officer,nelson,956.330.2951,female,e552d7ddafe1ffb
1909-10-15,clarkeangela@example.net,grace,60.0,petroleum engineer,phelps,(034)867-8827x6777,male,0f8deedb629a5f6
1944-11-24,kalvarado@example.org,shari,61.0,curator,daugherty,001-951-655-4798x6124,male,bb9e49e506f65ed
2010-01-17,jodyvincent@example.org,kelli,62.0,retail banker,garner,995.000.4213x0982,male,ed724605a403d91
1915-11-11,hutchinsonkirk@example.com,jackie,63.0,neurosurgeon,bennett,001-740-937-0846x0087,male,0abe5acb18e0c10
1983-11-06,floreschristina@example.org,leslie,64.0,chiropractor,conway,795.782.4384x555,female,5d2cb63caaf53f6
1943-03-15,nathan65@example.org,harold,65.0,"biochemist, clinical",barnett,+1-026-265-6392,female,ee6974f90eece18
2021-05-05,maria32@example.org,larry,66.0,"scientist, water quality",harper,+1-244-630-3792x4121,male,cef02c076afa07f
1967-11-09,imccullough@example.com,mike,67.0,hydrologist,ward,116-729-5046,female,9df5ba591bf3eff
1959-12-24,corey92@example.com,brittney,68.0,"biochemist, clinical",rubio,593.976.2528,female,3fab1cbfefbddd4
1926-03-10,daltoncalvin@example.net,frank,69.0,hospital pharmacist,pineda,(035)961-5060x9182,male,ebcefdf75ecb0a9
1925-04-28,ubanks@example.com,sandra,70.0,warehouse manager,wu,+1-096-606-6454x067,male,e75e5dbfcb68887
2020-10-06,lopezdebbie@example.org,ryan,71.0,physiological scientist,benton,+1-695-557-9948x485,male,6a53a8d41ddf6de
1933-01-31,meagan39@example.net,tamara,72.0,english as a second language teacher,hull,017.665.3744x7944,male,f0d3bd1aaf9e3bc
1985-08-06,kristina76@example.com,jean,73.0,financial trader,ritter,(954)060-1066,female,5bc87340799fbd0
1974-06-08,weissbridget@example.com,veronica,74.0,structural engineer,briggs,+1-521-589-2387x48490,female,dbfa17aaf16b4ab
1990-11-15,wpetersen@example.org,kim,75.0,"biochemist, clinical",andrews,7677125383,female,c935b7eb6fa0b0f
1956-11-29,wongmary@example.org,tina,76.0,race relations officer,cunningham,079-907-5051,male,b3e15e65ca2ccbf
2011-07-19,gailfrench@example.net,jonathon,77.0,"psychologist, forensic",atkinson,874-037-2032x932,male,dade3452f0c32fd
1974-08-18,vpaul@example.com,jermaine,78.0,newspaper journalist,reid,(742)214-8691,female,aded6cfd85dec46
2011-11-28,xpoole@example.net,regina,79.0,public house manager,stevens,891-359-2684,male,daf111987098ae4
1944-02-27,cassandra80@example.org,terrence,80.0,careers information officer,huff,221.800.6408x5416,male,6e6a5b885f6496d
1908-09-19,johnathan72@example.org,tyler,81.0,economist,foley,001-386-469-3075x8030,female,12dcb4ed8e01d5c
1948-05-14,nhall@example.net,andrew,82.0,jewellery designer,waters,+1-376-865-2765x3351,male,e1cb5ca8ca7cc0a
2010-02-08,erikaball@example.net,reginald,83.0,contracting civil engineer,stephenson,+1-832-500-6044x475,male,aeddfae8cf49f07
1961-11-11,nixonvanessa@example.net,douglas,84.0,higher education lecturer,reese,001-834-660-8312x9864,female,bff9853afaef772
1911-08-11,melvin08@example.net,helen,85.0,"lecturer, further education",williamson,001-377-726-4229,female,e883773ca5219be
1990-07-08,oblake@example.com,mario,86.0,research scientist (life sciences),vaughn,160-144-5039x12276,male,cb19eafebbff9ec
1958-05-13,johnnyhendricks@example.net,chelsea,87.0,"teacher, early years/pre",dickson,001-698-651-0138x18588,male,5834700fbed2771
1908-08-22,pbarron@example.net,dustin,88.0,travel agency manager,bailey,+1-965-621-1157x345,male,2b0ab1dc9e01d7e
1947-08-24,olsenmalik@example.net,harry,89.0,technical sales engineer,medina,+1-451-099-5805,female,3f3a3d89ad042dd
1955-09-02,teresa37@example.com,kathy,90.0,charity fundraiser,haney,(164)105-8456,female,9425e2f38c408ef
1941-07-10,zmiles@example.net,alison,91.0,patent attorney,nixon,3506680871,female,f0aec9c2759f3c6
1994-07-17,sheenadouglas@example.com,jamie,92.0,"conservator, furniture",hardy,(900)803-9295x11533,female,d6ea619a7c4aa95
1974-07-30,evan90@example.org,melody,93.0,dance movement psychotherapist,cox,(626)520-5080x3511,female,2a33e7cad1bb0f5
1938-11-29,nicolas90@example.org,xavier,94.0,financial planner,cole,8164259975,male,d181ffb7d3e68bb
1942-04-01,angelanavarro@example.net,dillon,95.0,air broker,guzman,971-992-4521,female,feabf8dae0c0d6f
1954-07-30,bmartin@example.org,dennis,96.0,software engineer,barnes,001-095-524-2112x257,female,5efda7caaeb260e
1932-04-29,latasha46@example.net,steve,97.0,barrister,patterson,001-865-478-5157,female,ccbfce93d3720be
1994-12-28,regina11@example.org,wesley,98.0,police officer,bray,995-542-3004x76800,male,2fec528afaf0b69
2012-04-12,alexiscantrell@example.org,summer,99.0,broadcast journalist,oconnell,001-273-685-6932x092,female,adc7ad9b6e4a1fe
2016-11-15,pcopeland@example.org,mariah,100.0,it sales professional,bernard,(341)594-6554x44657,male,b8d0ad3490fc7e1
