City,Company,Country,Customer Id,Email,First Name,Index,Last Name,Phone 1,Phone 2,Subscription Date,Website
east leonard,rasmussen group,chile,dd37cf93aeca6dc,zunigavanessa@smith.info,sheryl,1.0,baxter,229.077.5154,397.884.0519x718,2020-08-24,http://www.stephenson.com/
east jimmychester,vega-gentry,djibouti,1ef7b82a4caad10,vmata@colon.com,preston,2.0,lozano,5153435776,686-620-1820x944,2021-04-23,http://www.hobbs.com/
isabelborough,murillo-perry,antigua and barbuda,6f94879bdafe5a6,beckycarr@hogan.com,roy,3.0,berry,+1-539-402-0259,(496)978-3969x58947,2020-03-25,http://www.lawrence.com/
bensonview,"dominguez, mcmillan and donovan",dominican republic,5cef8bfa16c5e3c,stanleyblackwell@benson.org,linda,4.0,olsen,001-808-617-6467x12895,+1-813-324-8756,2020-06-02,http://www.good-lyons.com/
west priscilla,"martin, lang and andrade",slovakia (slovak republic),053d585ab6b3159,colinalvarado@miles.net,joanna,5.0,bender,001-234-203-0635x76146,001-199-446-3860x3486,2021-04-17,https://goodwin-ingram.com/
chavezborough,steele group,bosnia and herzegovina,2d08fb17ee273f4,louis27@gilbert.com,aimee,6.0,downs,(283)437-3886x88321,999-728-1637,2020-02-25,http://www.berger.net/
lake ana,"lester, woodard and mitchell",pitcairn islands,ea4d384dfdbbf77,tgates@cantrell.com,darren,7.0,peck,(496)452-6181x3291,+1-247-266-0963x4995,2021-08-24,https://www.le.com/
kimport,"sanford, davenport and giles",bulgaria,0e04afde9f225de,asnow@colon.com,brett,8.0,mullen,001-583-352-7197x297,001-333-145-0369,2021-04-12,https://hammond-ramsey.com/
robersonstad,browning-simon,cyprus,c2de4deec489ae0,mariokhan@ryan-pope.org,sheryl,9.0,meyers,854-138-4911x5772,+1-448-910-2276x729,2020-01-13,https://www.bullock.net/
elaineberg,beck-hendrix,timor-leste,8c2811a503c7c5a,mdyer@escobar.net,michelle,10.0,gallagher,739.218.2516x459,001-054-401-0347x617,2021-11-08,https://arias.com/
shannonville,"oconnell, meza and everett",guernsey,216e205d6ebb815,kirksalas@webb.com,carl,11.0,schroeder,637-854-0256x825,114.336.0784x788,2021-10-20,https://simmons-hurley.com/
east andrea,"hoffman, reed and mcclain",vietnam,cedec94dee6d69b,mark42@robbins.com,jenna,12.0,dodson,(041)737-3846,+1-556-888-3485x42608,2020-11-29,http://www.douglas.net/
south joannamouth,graham-francis,togo,e35426ebdeceaff,alex56@walls.org,tracey,13.0,mata,001-949-844-8787,(855)713-8773,2021-12-02,http://www.beck.com/
jodyberg,carpenter-cook,sri lanka,a08a8af8be9fad4,holdenmiranda@clarke.com,kristine,14.0,cox,786-284-3358x62152,+1-315-627-1796x8074,2021-02-08,https://www.brandt.com/
burchbury,carter-hancock,singapore,6feaa1b7cab7b6c,cassieparrish@blevins-chapman.net,faith,15.0,lutz,(781)861-7180x8306,207-185-3665,2022-01-26,http://stevenson.org/
desireeshire,singleton and sons,oman,8cad0b4cbceaeec,vduncan@parks-hardy.com,miranda,16.0,beasley,540.085.3135x185,+1-600-462-6432x21881,2022-04-12,http://acosta.org/
west adriennestad,winters-mendoza,western sahara,a5dc21ae3a21eaa,holtgwendolyn@watson-davenport.com,caroline,17.0,foley,936.222.4746x9924,001-469-948-6341x359,2021-03-10,http://www.benson-roth.com/
lake leslie,valentine llc,mozambique,f8aa9d6dfcbeef8,jaredjuarez@carroll.org,greg,18.0,mata,(701)087-2415,(195)156-1861x26241,2022-03-26,http://pitts-cherry.com/
harmonview,simon llc,south georgia and the south sandwich islands,f160f5db3efe973,joseph26@jacobson.com,clifford,19.0,jacobson,001-151-330-3524x0469,(748)477-7174,2020-09-24,https://mcconnell.com/
jamesshire,mays-mccormick,french polynesia,0f60ff3ddcd7ab0,tuckerangie@salazar.net,joanna,20.0,kirk,(266)131-7001x711,(283)312-5579x11543,2021-09-24,https://www.camacho.net/
east carly,patterson inc,malta,9f9adb7b8a6f7f2,fgibson@drake-webb.com,maxwell,21.0,frye,423.262.3059,202-880-0688x7491,2022-01-12,http://www.roberts.com/
south alvin,"manning, hester and arroyo",netherlands,fbd0ded4f02a742,blanchardbob@wallace-shannon.com,kiara,22.0,houston,001-274-040-3582x10611,+1-528-175-0973x4684,2020-09-15,https://www.reid-potts.com/
brittanyview,greer and sons,paraguay,2fb0faa1d429421,rsingleton@ryan-cherry.com,colleen,23.0,howard,1935085151,(947)115-7711x5488,2020-08-19,http://paul.biz/
veronicamouth,watts-donaldson,lao people's democratic republic,010468daa11382c,stefanie71@spence.com,janet,24.0,valenzuela,354.259.5062x7538,500.433.2022,2020-09-08,https://moreno.biz/
bryanville,tucker llc,albania,ec1927ca84e033e,mariah88@santos.com,shane,25.0,wilcox,(429)005-9030x11004,541-116-4501,2021-04-06,https://www.ramos.com/
kaitlyntown,giles ltd,panama,09d7d7c8fe09aea,donnamullins@norris-barrett.org,marcus,26.0,moody,674-677-8623,909-277-5485x566,2022-05-24,https://www.curry.com/
michealshire,simmons group,belarus,abdfcf2c50b0bfd,stacey67@fields.org,dakota,27.0,poole,(371)987-8576x4720,071-152-1376,2022-02-20,https://sanford-wilcox.biz/
south marissatown,"hinton, chaney and stokes",switzerland,b92ebfdf8a3f0e6,jacobkhan@bright.biz,frederick,28.0,harper,+1-077-121-1558x0687,264.742.7149,2022-05-26,https://callahan.org/
acevedoville,santana-duran,saint vincent and the grenadines,3b5daafa41afa22,wterrell@clark.com,stefanie,29.0,fitzpatrick,(752)776-3286,+1-472-021-4814x85074,2020-07-30,https://meyers.com/
north harold,sawyer plc,tanzania,eda69ca7a6e96a2,qjimenez@boyd.com,kent,30.0,bradshaw,+1-472-143-5037x884,126.922.6153,2020-04-26,http://maynard-ho.com/
west samuel,"acosta, petersen and morrow",zimbabwe,64dccdfab9dfd4e,gfigueroa@boone-zavala.com,jack,31.0,tate,965-108-4406x20714,046.906.1442x6784,2021-09-15,http://www.hawkins-ramsey.com/
cunninghamborough,mcgee group,denmark,679c6c83dd872d6,tapiagreg@beard.info,tom,32.0,trujillo,416-338-3758,(775)890-7209,2022-01-13,http://www.daniels-klein.com/
port annatown,adkins-salinas,liechtenstein,7ce381e4afa4ba9,coleolson@jennings.net,gabriel,33.0,mejia,4077245425,646.044.0696x66800,2021-04-24,https://patel-hanson.info/
new kaitlyn,herrera group,united states of america,a09aec6e3bf70ee,georgeross@miles.org,kaitlyn,34.0,santana,6303643286,447-710-6202x07313,2021-09-21,http://pham.com/
west marthaburgh,"waters, chase and aguilar",bahamas,aa9baffbc3710fe,willistonya@randolph-baker.com,faith,35.0,moon,+1-586-217-0359x6317,+1-818-199-1403,2021-11-03,https://spencer-charles.info/
east teresa,"palmer, barnes and houston",belize,e11dfb2db8c9f72,harrisisaiah@jenkins.com,tammie,36.0,haley,001-276-734-4113x6087,(430)300-8770,2022-01-04,http://evans-simon.com/
south hunter,jordan ltd,uruguay,889ecf90f68c5da,fwolfe@dorsey.com,nicholas,37.0,sosa,(661)425-6042,975-998-1519,2021-08-10,https://www.fleming-richards.com/
south walter,glover and sons,solomon islands,7a1ee69f4ff4b4d,tiffanydavies@harris-mcfarland.org,jordan,38.0,gay,7208417020,8035336772,2021-02-24,http://www.lee.org/
poolefurt,huerta-mclean,montenegro,dca4f1d0a0fc5c9,preese@frye-vega.com,bruce,39.0,esparza,559-529-4424,001-625-000-7132x0367,2021-10-22,http://www.farley.org/
west john,anderson ltd,poland,17ad8e2db3df03d,ann48@miller.com,sherry,40.0,garza,001-067-713-6440x158,(978)289-8785x5766,2021-11-01,http://spence.com/
west darius,monroe plc,dominican republic,2f79cd309624abb,tcummings@fitzpatrick-ashley.com,natalie,41.0,gentry,830.996.8238,499.122.5415,2020-10-10,http://www.dorsey.biz/
north jimstad,kaufman and sons,burkina faso,6e5ad5a5e2bb5ca,woodwardandres@phelps.com,bryan,42.0,dunn,001-710-802-5565,078.699.8982x13881,2021-09-08,http://www.butler.com/
east rebekahborough,perkins-trevino,bolivia,7e441b6b228dbca,barbarapittman@holder.com,wayne,43.0,simpson,(344)156-8632x1869,463-445-3702x38463,2020-12-13,https://gillespie-holder.com/
north drew,cross plc,bulgaria,d3fc11a9c235dc6,bstuart@williamson-mcclure.com,luis,44.0,greer,001-336-025-6849x701,684.698.2911x6092,2022-05-15,https://fletcher-nielsen.com/
lake lindaburgh,"herrera, shepherd and underwood",monaco,30dfa48fe5ede78,zkrueger@wolf-chavez.net,rhonda,45.0,frost,(127)081-9339,+1-431-028-3337x3492,2021-12-06,http://www.khan.com/
gwendolynview,"price, sexton and mcdaniel",palau,fd780ed8dbeae7b,juan80@henson.net,joanne,46.0,montes,(897)726-7952,(467)886-9467x5721,2020-07-01,http://ochoa.com/
zimmermanland,short-wiggins,uzbekistan,300a40d3ce24bba,bauercrystal@gay.com,geoffrey,47.0,guzman,975.235.8921x269,(983)188-6873,2020-04-23,https://decker-kline.com/
north kerriton,"brennan, acosta and ramos",ghana,283dfcd0dba40af,bartlettjenna@zuniga-moss.biz,gloria,48.0,mccall,445-603-6729,001-395-959-4736x4524,2022-03-11,http://burgess-frank.com/
north eileenville,osborne-erickson,united arab emirates,f4fc91feaead286,mccalltyrone@durham-rose.biz,brady,49.0,cohen,741.849.0139x524,+1-028-691-7497x0894,2022-03-10,http://hammond-barron.com/
port sergiofort,"hobbs, garrett and sanford",belarus,80f33fd2acebf05,bobhammond@barry.biz,latoya,50.0,mccann,(530)287-4548x29481,162-234-0249x32790,2021-12-02,https://www.burton.com/
new alberttown,"phelps, forbes and koch",canada,aa20bde68eab0e9,uwarner@steele-arias.com,gerald,51.0,hawkins,+1-323-239-1456x96168,(092)508-0269,2021-03-19,https://valenzuela.com/
south jasmine,"may, goodwin and martin",algeria,e898eeb1b9fe22b,xpittman@ritter-carney.net,samuel,52.0,crawford,802-242-7457,626.116.9535x8578,2021-03-27,https://guerrero.org/
cowanfort,"christian, winters and ellis",swaziland,facef517ae7d8eb,vaughanchristy@lara.biz,patricia,53.0,goodwin,322.549.7139x70040,(111)741-4173,2021-03-08,http://clark.info/
new deborah,byrd inc,madagascar,c09952de6cda8aa,clinton85@colon-arias.org,stacie,54.0,richard,001-622-948-3641x24810,001-731-168-2893x8891,2020-10-15,https://kim.com/
wallstown,"nixon, blackwell and sosa",ecuador,f3bef3be028166f,greenemiranda@zimmerman.com,robin,55.0,west,698.303.4267,001-683-837-7651x525,2022-01-13,https://www.mora.com/
lake ellenchester,montes plc,palestinian territory,c6f2fc6a7948a4e,goodmancesar@figueroa.biz,ralph,56.0,haas,2239271999,001-962-434-0867x649,2020-05-25,http://may.com/
lake whitney,costa plc,saint barthelemy,c8fe57cbbdcdcb2,yhanson@warner-diaz.org,phyllis,57.0,maldonado,4500370767,001-508-064-6725x017,2021-01-25,http://www.bernard.com/
east jaredbury,novak llc,united arab emirates,b5acdfc982124f2,howelldarren@house-cohen.com,danny,58.0,parrish,(669)384-8597x8794,506.731.5952x571,2021-03-17,http://www.parsons-hudson.com/
selenabury,"moore, mccoy and glass",south georgia and the south sandwich islands,8c7ddf10798bcc3,ncamacho@boone-simmons.org,kathy,59.0,hill,001-171-716-2175x310,888.625.0654,2020-11-15,http://hayden.com/
huangfort,petty ltd,sao tome and principe,c681ddd0cc422f7,kristopher62@oliver.com,kelli,60.0,hardy,020.324.2191x2022,424-157-8216,2020-12-20,http://www.kidd.com/
east pennyshire,"brennan, camacho and tapia",portugal,a940ce42e035f28,mpham@rios-guzman.com,lynn,61.0,pham,846.468.6834x611,001-248-691-0006,2020-08-21,https://www.murphy.com/
port jasminborough,"prince, malone and pugh",togo,9cf5e6afe0aebfd,zachary96@mitchell-bryant.org,shelley,62.0,harris,423.098.0315x8373,+1-386-458-8944x15194,2020-12-10,https://www.ryan.com/
west kristine,caldwell group,ethiopia,aecbe5365bbc67d,kristiwhitney@bernard.com,eddie,63.0,jimenez,+1-235-657-1073x6306,(026)401-7353x2417,2022-03-24,http://cherry.com/
south julia,simon llc,netherlands,fcbdfceae20a8dc,leah85@sutton-terrell.com,chloe,64.0,hutchinson,981-544-9452,+1-288-552-4666x060,2022-05-15,https://mitchell.info/
helenborough,"knight, abbott and hubbard",liberia,636cbf0835e10ff,levigiles@vincent.com,eileen,65.0,lynch,+1-158-951-4131x53578,001-673-779-6713x680,2021-01-02,http://mckay.com/
lake nancy,church-banks,lithuania,ff1b6c9e8fbf1ff,fisherlinda@schaefer.net,fernando,66.0,lambert,497.829.9038,3863743398,2021-04-23,https://www.vang.com/
georgeport,henderson inc,new caledonia,2a13f74eaa7da6c,scottcurtis@hurley.biz,makayla,67.0,cannon,001-215-801-6392x46009,027-609-6460,2020-01-20,http://www.velazquez.net/
south sophiaberg,donaldson-dougherty,kiribati,a014ec1b9fccc1e,nicholsonnina@montgomery.info,tom,68.0,alvarado,(585)606-2980x2258,730-797-3594x5614,2020-08-18,http://odom-massey.com/
hartbury,warren ltd,french southern territories,421a109cabdf5fa,zvalencia@phelps.com,virginia,69.0,dudley,027.846.3705x14184,+1-439-171-1846x4636,2021-01-31,http://hunter-esparza.com/
erikaville,wade plc,canada,cc68fd1d3bbbf22,alex06@galloway.com,riley,70.0,good,6977745822,855-436-7641,2020-02-03,http://conway.org/
nicolasfort,keller-coffey,iran,cbcd2ac8e3ebdf9,lee48@manning.com,alexandria,71.0,buck,078-900-4760x76668,414-112-8700x68751,2021-02-20,https://ramsey.org/
new jasmineshire,conway-mcbride,morocco,ef859092fbecc07,aharper@maddox-townsend.org,richard,72.0,roth,581-440-6539,9857827463,2020-02-23,https://www.brooks.com/
east summerstad,huynh and sons,zimbabwe,f560f2d3cdfb618,buckleycory@odonnell.net,candice,73.0,keller,001-927-965-8550x92406,001-243-038-4271x53076,2020-08-22,https://www.lucero.com/
skinnerport,parrish ltd,russian federation,a3f76be153df4a3,angie04@oconnell.com,anita,74.0,benson,874.617.5668x69878,(399)820-6418x0071,2020-02-09,http://oconnor.com/
raystad,guzman-brown,solomon islands,d01af0af7cbbfea,zrosario@rojas-hardin.net,regina,75.0,stein,001-469-848-0724x4407,001-085-360-4426x00357,2022-01-15,http://www.johnston.info/
colinhaven,"chang, aguirre and leblanc",united states virgin islands,d40e89dcade7b2f,shieldskerry@robles.com,debra,76.0,riddle,+1-768-182-6014x14336,(303)961-4491,2020-07-11,http://kaiser.info/
west reginald,mason-hester,kyrgyz republic,bf6a1f9bd1bf8de,mchandler@cochran-huerta.org,brittany,77.0,zuniga,(050)136-9025,001-480-851-2496x0157,2021-07-24,http://www.boyle.com/
lake sherryborough,"mcguire, huynh and hopkins",myanmar,ffaeffbbbf280db,katrinalane@fitzgerald.com,cassidy,78.0,mcmahon,5040771311,684-682-0021x1326,2020-10-21,https://hurst.com/
port katherineville,"sanchez, marsh and hale",dominica,cbae1d1e9a8dcb1,cookejill@powell.com,laurie,79.0,pennington,007.155.3406x553,+1-809-862-5566x277,2020-06-08,http://www.hebert.com/
thomasland,"combs, waller and durham",iceland,a7f85c1de4db87f,elizabethbarr@ewing.com,alejandro,80.0,blair,(690)068-4641x51468,555.509.8691x2329,2020-09-19,https://mercado-blevins.com/
coreybury,blankenship-arias,micronesia,d6ceafb3bdbaa1a,corey75@wiggins.com,leslie,81.0,jennings,629.198.6346,075.256.0829,2021-11-13,https://www.juarez.com/
lake janiceton,"coffey, lamb and johnson",saint vincent and the grenadines,ebdb6f6f7c90b69,chloelester@higgins-wilkinson.com,kathleen,82.0,mckay,(733)910-9968,(691)247-4128x0665,2021-09-12,http://www.owens-mooney.com/
east clinton,fitzpatrick-lawrence,isle of man,e8e7e8cfe516ef0,isaac26@benton-finley.com,hunter,83.0,moreno,(733)833-6754,001-761-013-7121,2020-12-28,http://walls.info/
south joshuashire,garcia-jimenez,oman,78c06e9b6b3df20,justinwalters@jimenez.com,chad,84.0,davidson,8275702958,(804)842-4715,2021-11-15,http://www.garner-oliver.com/
new glenda,"mcdonald, bird and ramirez",fiji,03a1e62addeb31c,maurice46@morgan.com,corey,85.0,holt,001-439-242-4986x7918,3162708934,2020-02-18,http://www.watson.com/
north jillianview,stephens inc,new zealand,c6763c99d0bd16d,walter83@juarez.org,emma,86.0,cunningham,128-059-0206x60217,(312)164-4545x2284,2022-05-13,http://www.reid.info/
lyonsberg,montoya-miller,maldives,ebe77e5bf9476ce,kmercer@wagner.com,duane,87.0,woods,(636)544-7783x7288,(203)287-1003x5932,2020-07-21,http://murray.org/
east cristinabury,"vaughn, watts and leach",benin,e4bbcd8ad81fc5f,vcantu@norton.com,alison,88.0,vargas,365-273-8144,053-308-7653x6287,2020-11-10,http://mason.info/
thomasfurt,carter-strickland,yemen,efeb73245cdf1ff,hilljesse@barrett.info,vernon,89.0,kane,114-854-1159x555,499-608-4612,2021-04-15,http://www.duffy-hensley.net/
north joeburgh,decker-mcknight,namibia,37ec4b395641c1e,tyrone77@valenzuela.info,lori,90.0,flowers,679.415.1210,945-842-3659x4581,2021-01-09,http://www.deleon-crosby.com/
cassidychester,byrd-campbell,bhutan,5ef6d3eefdd43be,elliserica@frank.com,nina,91.0,chavez,053-344-3205,+1-330-920-5422x571,2020-03-26,https://www.pugh.com/
south dannymouth,rocha-hart,hungary,98b3aedcc3b9ff3,nsteele@sparks.com,shane,92.0,foley,+1-822-569-0302,001-626-114-5844x55073,2021-07-06,https://www.holt-sparks.com/
south lonnie,lamb-peterson,anguilla,aab6afc7afd0ff3,dudleyemily@gonzales.biz,collin,93.0,ayers,404-645-5351x012,001-257-582-8850x8516,2021-06-29,http://www.ruiz.com/
frankchester,"lee, lucero and johnson",solomon islands,54b5b5fe9f1b6c5,alan79@gates-mclaughlin.com,sherry,94.0,young,158-687-1764,(438)375-6207x003,2021-04-04,https://travis.net/
daisyborough,"newton, petersen and mathis",mali,be91a0bdca49bbc,grayjean@lowery-good.com,darrell,95.0,douglas,001-084-845-9524x1777,001-769-564-6303,2022-02-17,https://banks.biz/
east richard,carey llc,guyana,cb8e23e48d22eae,hhart@jensen.com,karl,96.0,greer,(188)169-1674x58692,001-841-293-3519x614,2022-01-30,http://hayes-perez.com/
new bradview,"ware, burns and oneal",sri lanka,ced220bdaacfadf,vkemp@ferrell.com,lynn,97.0,atkinson,+1-846-706-2218,605.413.3198,2021-07-10,https://novak-allison.com/
ortegaland,schmitt-jones,solomon islands,28cdbc0dfe4b1db,swagner@kane.org,fred,98.0,guerra,+1-753-067-8419x7170,+1-632-666-7507x92121,2021-09-18,https://www.ross.com/
lake elijahview,fitzgerald-harrell,aruba,c23d1d9ee8deb0a,mccarthystephen@horn-green.biz,yvonne,99.0,farmer,(530)311-9786,001-869-452-0943x12424,2021-08-11,http://watkins.info/
judymouth,"le, nash and cross",honduras,2354a0e336a91a1,colleen91@faulkner.biz,clarence,100.0,haynes,(753)813-6941,783.639.1472,2020-03-11,http://www.hatfield-saunders.net/
